{"schemaVersion":"1.0","appDefinitionTemplate":{"id":"/providers/Microsoft.PowerApps/apps/","type":"Microsoft.PowerApps/apps","tags":{"sp-site-id":"https://modtekshare.sharepoint.com/warehousing","sp-list-id":"43bbcce0-0c69-49a2-b29e-71306b3536c7","https://modtekshare.sharepoint.com/warehousing":"43bbcce0-0c69-49a2-b29e-71306b3536c7","primaryDeviceWidth":"640","primaryDeviceHeight":"1136","sienaVersion":"20251006T183333Z-3.23105.18.0","deviceCapabilities":"webcam","supportsPortrait":"true","supportsLandscape":"true","primaryFormFactor":"Phone","publisherVersion":"3.25093.17","minimumRequiredApiVersion":"2.2.0","hasComponent":"false","hasUnlockedComponent":"false","isUnifiedRootApp":"false","showStatusBar":"false"},"properties":{"appVersion":"2025-10-06T18:43:02Z","lifeCycleId":"Published","createdByClientVersion":{"major":3,"minor":25093,"build":17,"revision":0,"majorRevision":0,"minorRevision":0},"minClientVersion":{"major":3,"minor":25093,"build":17,"revision":0,"majorRevision":0,"minorRevision":0},"backgroundColor":"rgba(255, 255, 255, 1)","backgroundImageUri":"/6426477948787962119/N2659d70d-d176-49ea-8379-074d47593fc7-logoSmallFile","displayName":"Pallet Tracking","commitMessage":"","appUris":{"documentUri":{"value":"/6426477948787962119/Naa3c3288-66f5-4617-b382-6a38b292f3ca-document.msapp"},"imageUris":[],"additionalUris":[{"isSolutionAware":false,"value":"/6426477948787962119/N33dc89e3-bb65-44b9-9a7d-f03b9a2393e4-identity.json"}]},"createdTime":"0001-01-01T00:00:00Z","lastModifiedTime":"0001-01-01T00:00:00Z","sharedGroupsCount":0,"sharedUsersCount":0,"connectionReferences":{"cb179882-f38d-4802-92f6-4c8ff614e4ed":{"id":"1cdcda6f-face-4a1c-a21a-33ff07c08851","displayName":"SharePoint","iconUri":"https://conn-afd-prod-endpoint-bmc9bqahasf3grgk.b01.azurefd.net/v1.0.1762/1.0.1762.4298/sharepointonline/icon.png","dataSources":["WarehouseInventory"],"dependencies":[],"dependents":[],"parameterHints":{},"parameterHintsV2":{},"isOnPremiseConnection":false,"bypassConsent":false,"dataSets":{"https://inovarpackaging.sharepoint.com/warehousing":{"dataSources":{"WarehouseInventory":{"tableName":"b3aaa589-67a4-4b97-8c05-da8e4c0d593b"}}}},"apiTier":"Standard","isCustomApiConnection":false,"actions":["providers/PowerPlatform.Governance/Operations/Read","providers/PowerPlatform.Governance/Operations/Write","providers/PowerPlatform.Governance/Operations/Delete"]}},"databaseReferences":{},"almMode":"Solution","performanceOptimizationEnabled":true,"canConsumeAppPass":true,"enableModernRuntimeMode":false,"executionRestrictions":{"isTeamsOnly":false,"dataLossPreventionEvaluationResult":{"status":"Compliant","lastEvaluationDate":"2022-04-01T18:19:55.2239191Z","violations":[],"violationsByPolicy":[],"violationErrorMessage":"The app uses the following connectors: shared_sharepointonline."}}},"isAppComponentLibrary":false,"appType":"ClassicCanvasApp","appComponents":[]}}